{
    "swagger": "2.0",
    "info": {
        "title": "L5 Swagger API",
        "version": "1.0.0"
    },
    "host": "localhost:800/hydroponic/BackEnd/public",
    "basePath": "/api",
    "schemes": [
        "http",
        "https"
    ],
    "paths": {
        "/admin/getAllUserAdmin": {
            "get": {
                "tags": [
                    "Admin"
                ],
                "summary": "Get all user",
                "description": "Get all user",
                "responses": {
                    "200": {
                        "description": "Successful operation"
                    },
                    "401": {
                        "description": "Unauthorized"
                    },
                    "403": {
                        "description": "Forbidden"
                    },
                    "422": {
                        "description": "Unprocessable Entity"
                    },
                    "500": {
                        "description": "Internal Server Error"
                    }
                },
                "security": [
                    {
                        "jwt": []
                    }
                ]
            }
        },
        "/admin/getUserAdmin": {
            "post": {
                "tags": [
                    "Admin"
                ],
                "summary": "Get user",
                "description": "Get user",
                "parameters": [
                    {
                        "name": "body",
                        "in": "body",
                        "description": "Get user",
                        "required": true,
                        "schema": {
                            "properties": {
                                "page": {
                                    "type": "integer"
                                }
                            }
                        }
                    }
                ],
                "responses": {
                    "200": {
                        "description": "Successful operation"
                    },
                    "401": {
                        "description": "Unauthorized"
                    },
                    "403": {
                        "description": "Forbidden"
                    },
                    "422": {
                        "description": "Unprocessable Entity"
                    },
                    "500": {
                        "description": "Internal Server Error"
                    }
                },
                "security": [
                    {
                        "jwt": []
                    }
                ]
            }
        },
        "/admin/addUser": {
            "post": {
                "tags": [
                    "Admin"
                ],
                "summary": "Add user",
                "description": "Add user",
                "parameters": [
                    {
                        "name": "body",
                        "in": "body",
                        "description": "Add user",
                        "required": true,
                        "schema": {
                            "properties": {
                                "username": {
                                    "type": "string"
                                },
                                "email": {
                                    "type": "string"
                                },
                                "password": {
                                    "type": "string"
                                },
                                "city": {
                                    "type": "string"
                                },
                                "admin": {
                                    "type": "boolean"
                                }
                            }
                        }
                    }
                ],
                "responses": {
                    "200": {
                        "description": "Successful"
                    },
                    "401": {
                        "description": "Unauthorized"
                    },
                    "403": {
                        "description": "Forbidden"
                    },
                    "404": {
                        "description": "Not Found"
                    },
                    "422": {
                        "description": "Unprocessable Entity"
                    },
                    "500": {
                        "description": "Internal Server Error"
                    }
                },
                "security": [
                    {
                        "jwt": []
                    }
                ]
            }
        },
        "/admin/{id}": {
            "put": {
                "tags": [
                    "Admin"
                ],
                "summary": "Edit user",
                "description": "Edit user",
                "parameters": [
                    {
                        "name": "id",
                        "in": "path",
                        "description": "ID user to edit",
                        "required": true,
                        "type": "integer",
                        "format": "int64"
                    },
                    {
                        "name": "body",
                        "in": "body",
                        "description": "Edit user",
                        "required": true,
                        "schema": {
                            "properties": {
                                "admin": {
                                    "type": "boolean"
                                },
                                "username": {
                                    "type": "string"
                                }
                            }
                        }
                    }
                ],
                "responses": {
                    "200": {
                        "description": "Successful"
                    },
                    "401": {
                        "description": "Unauthorized"
                    },
                    "403": {
                        "description": "Forbidden"
                    },
                    "404": {
                        "description": "Not Found"
                    },
                    "422": {
                        "description": "Unprocessable Entity"
                    },
                    "500": {
                        "description": "Internal Server Error"
                    }
                },
                "security": [
                    {
                        "jwt": []
                    }
                ]
            },
            "delete": {
                "tags": [
                    "Admin"
                ],
                "summary": "Delete user",
                "description": "Delete user",
                "parameters": [
                    {
                        "name": "id",
                        "in": "path",
                        "description": "ID user to delete",
                        "required": true,
                        "type": "integer",
                        "format": "int64"
                    }
                ],
                "responses": {
                    "200": {
                        "description": "Successful"
                    },
                    "401": {
                        "description": "Unauthorized"
                    },
                    "403": {
                        "description": "Forbidden"
                    },
                    "404": {
                        "description": "Not Found"
                    },
                    "422": {
                        "description": "Unprocessable Entity"
                    },
                    "500": {
                        "description": "Internal Server Error"
                    }
                },
                "security": [
                    {
                        "jwt": []
                    }
                ]
            }
        },
        "/admin/getFeedbackAdmin": {
            "post": {
                "tags": [
                    "Admin"
                ],
                "summary": "Get feedback",
                "description": "Get feedback",
                "parameters": [
                    {
                        "name": "body",
                        "in": "body",
                        "description": "Get feedback",
                        "required": true,
                        "schema": {
                            "properties": {
                                "page": {
                                    "type": "integer"
                                }
                            }
                        }
                    }
                ],
                "responses": {
                    "200": {
                        "description": "Successful operation"
                    },
                    "401": {
                        "description": "Unauthorized"
                    },
                    "403": {
                        "description": "Forbidden"
                    },
                    "422": {
                        "description": "Unprocessable Entity"
                    },
                    "500": {
                        "description": "Internal Server Error"
                    }
                },
                "security": [
                    {
                        "jwt": []
                    }
                ]
            }
        },
        "/admin/getNotificationsAdmin": {
            "post": {
                "tags": [
                    "Admin"
                ],
                "summary": "Get notifications",
                "description": "Get notifications",
                "parameters": [
                    {
                        "name": "body",
                        "in": "body",
                        "description": "Get notifications",
                        "required": true,
                        "schema": {
                            "properties": {
                                "page": {
                                    "type": "integer"
                                }
                            }
                        }
                    }
                ],
                "responses": {
                    "200": {
                        "description": "Successful operation"
                    },
                    "401": {
                        "description": "Unauthorized"
                    },
                    "403": {
                        "description": "Forbidden"
                    },
                    "422": {
                        "description": "Unprocessable Entity"
                    },
                    "500": {
                        "description": "Internal Server Error"
                    }
                },
                "security": [
                    {
                        "jwt": []
                    }
                ]
            }
        },
        "/admin/sendNotification": {
            "post": {
                "tags": [
                    "Admin"
                ],
                "summary": "Send notification",
                "description": "Send notification for user",
                "parameters": [
                    {
                        "name": "body",
                        "in": "body",
                        "description": "Send notification for user",
                        "required": true,
                        "schema": {
                            "properties": {
                                "userId": {
                                    "type": "integer"
                                },
                                "notificationTitle": {
                                    "type": "string"
                                },
                                "notificationContent": {
                                    "type": "string"
                                }
                            }
                        }
                    }
                ],
                "responses": {
                    "200": {
                        "description": "Successful operation"
                    },
                    "401": {
                        "description": "Unauthorized"
                    },
                    "403": {
                        "description": "Forbidden"
                    },
                    "422": {
                        "description": "Unprocessable Entity"
                    },
                    "500": {
                        "description": "Internal Server Error"
                    }
                },
                "security": [
                    {
                        "jwt": []
                    }
                ]
            }
        },
        "/admin/sendNotificationForAllUsers": {
            "post": {
                "tags": [
                    "Admin"
                ],
                "summary": "Send notification",
                "description": "Send notification for all users",
                "parameters": [
                    {
                        "name": "body",
                        "in": "body",
                        "description": "Send notification for all users",
                        "required": true,
                        "schema": {
                            "properties": {
                                "notificationTitle": {
                                    "type": "string"
                                },
                                "notificationContent": {
                                    "type": "string"
                                }
                            }
                        }
                    }
                ],
                "responses": {
                    "200": {
                        "description": "Successful operation"
                    },
                    "401": {
                        "description": "Unauthorized"
                    },
                    "403": {
                        "description": "Forbidden"
                    },
                    "422": {
                        "description": "Unprocessable Entity"
                    },
                    "500": {
                        "description": "Internal Server Error"
                    }
                },
                "security": [
                    {
                        "jwt": []
                    }
                ]
            }
        },
        "/admin/notification/{notificationId}": {
            "put": {
                "tags": [
                    "Admin"
                ],
                "summary": "Edit notification",
                "description": "Edit notification",
                "parameters": [
                    {
                        "name": "notificationId",
                        "in": "path",
                        "description": "ID notification to edit",
                        "required": true,
                        "type": "integer",
                        "format": "int64"
                    },
                    {
                        "name": "body",
                        "in": "body",
                        "description": "Edit notification",
                        "required": true,
                        "schema": {
                            "properties": {
                                "userIdSend": {
                                    "type": "integer"
                                },
                                "userIdReceive": {
                                    "type": "integer"
                                },
                                "notificationTitle": {
                                    "type": "string"
                                },
                                "notificationContent": {
                                    "type": "string"
                                },
                                "seen": {
                                    "type": "boolean"
                                }
                            }
                        }
                    }
                ],
                "responses": {
                    "200": {
                        "description": "Successful"
                    },
                    "401": {
                        "description": "Unauthorized"
                    },
                    "403": {
                        "description": "Forbidden"
                    },
                    "404": {
                        "description": "Not Found"
                    },
                    "422": {
                        "description": "Unprocessable Entity"
                    },
                    "500": {
                        "description": "Internal Server Error"
                    }
                },
                "security": [
                    {
                        "jwt": []
                    }
                ]
            },
            "delete": {
                "tags": [
                    "Admin"
                ],
                "summary": "Delete notification",
                "description": "Delete notification",
                "parameters": [
                    {
                        "name": "notificationId",
                        "in": "path",
                        "description": "ID notification to delete",
                        "required": true,
                        "type": "integer",
                        "format": "int64"
                    }
                ],
                "responses": {
                    "200": {
                        "description": "Successful"
                    },
                    "401": {
                        "description": "Unauthorized"
                    },
                    "403": {
                        "description": "Forbidden"
                    },
                    "404": {
                        "description": "Not Found"
                    },
                    "422": {
                        "description": "Unprocessable Entity"
                    },
                    "500": {
                        "description": "Internal Server Error"
                    }
                },
                "security": [
                    {
                        "jwt": []
                    }
                ]
            }
        },
        "/admin/getDevicesAdmin": {
            "post": {
                "tags": [
                    "Admin"
                ],
                "summary": "Get devices",
                "description": "Get devices",
                "parameters": [
                    {
                        "name": "body",
                        "in": "body",
                        "description": "Get devices",
                        "required": true,
                        "schema": {
                            "properties": {
                                "page": {
                                    "type": "integer"
                                }
                            }
                        }
                    }
                ],
                "responses": {
                    "200": {
                        "description": "Successful operation"
                    },
                    "401": {
                        "description": "Unauthorized"
                    },
                    "403": {
                        "description": "Forbidden"
                    },
                    "422": {
                        "description": "Unprocessable Entity"
                    },
                    "500": {
                        "description": "Internal Server Error"
                    }
                },
                "security": [
                    {
                        "jwt": []
                    }
                ]
            }
        },
        "/admin/addDevice": {
            "post": {
                "tags": [
                    "Admin"
                ],
                "summary": "Add devices",
                "description": "Add devices for user",
                "parameters": [
                    {
                        "name": "body",
                        "in": "body",
                        "description": "Add devices for user",
                        "required": true,
                        "schema": {
                            "properties": {
                                "userId": {
                                    "type": "integer"
                                }
                            }
                        }
                    }
                ],
                "responses": {
                    "200": {
                        "description": "Successful operation"
                    },
                    "401": {
                        "description": "Unauthorized"
                    },
                    "403": {
                        "description": "Forbidden"
                    },
                    "422": {
                        "description": "Unprocessable Entity"
                    },
                    "500": {
                        "description": "Internal Server Error"
                    }
                },
                "security": [
                    {
                        "jwt": []
                    }
                ]
            }
        },
        "/admin/devices/{devicesId}": {
            "put": {
                "tags": [
                    "Admin"
                ],
                "summary": "Edit devices",
                "description": "Edit devices",
                "parameters": [
                    {
                        "name": "devicesId",
                        "in": "path",
                        "description": "ID devices to edit",
                        "required": true,
                        "type": "integer",
                        "format": "int64"
                    },
                    {
                        "name": "body",
                        "in": "body",
                        "description": "Edit devices",
                        "required": true,
                        "schema": {
                            "properties": {
                                "userId": {
                                    "type": "integer"
                                }
                            }
                        }
                    }
                ],
                "responses": {
                    "200": {
                        "description": "Successful"
                    },
                    "401": {
                        "description": "Unauthorized"
                    },
                    "403": {
                        "description": "Forbidden"
                    },
                    "404": {
                        "description": "Not Found"
                    },
                    "422": {
                        "description": "Unprocessable Entity"
                    },
                    "500": {
                        "description": "Internal Server Error"
                    }
                },
                "security": [
                    {
                        "jwt": []
                    }
                ]
            },
            "delete": {
                "tags": [
                    "Admin"
                ],
                "summary": "Delete device",
                "description": "Delete device",
                "parameters": [
                    {
                        "name": "devicesId",
                        "in": "path",
                        "description": "ID device to delete",
                        "required": true,
                        "type": "integer",
                        "format": "int64"
                    }
                ],
                "responses": {
                    "200": {
                        "description": "Successful"
                    },
                    "401": {
                        "description": "Unauthorized"
                    },
                    "403": {
                        "description": "Forbidden"
                    },
                    "404": {
                        "description": "Not Found"
                    },
                    "422": {
                        "description": "Unprocessable Entity"
                    },
                    "500": {
                        "description": "Internal Server Error"
                    }
                },
                "security": [
                    {
                        "jwt": []
                    }
                ]
            }
        },
        "/admin/getNutrientsAdmin": {
            "post": {
                "tags": [
                    "Admin"
                ],
                "summary": "Get nutrients",
                "description": "Get nutrients",
                "parameters": [
                    {
                        "name": "body",
                        "in": "body",
                        "description": "Get nutrients",
                        "required": true,
                        "schema": {
                            "properties": {
                                "page": {
                                    "type": "integer"
                                }
                            }
                        }
                    }
                ],
                "responses": {
                    "200": {
                        "description": "Successful operation"
                    },
                    "401": {
                        "description": "Unauthorized"
                    },
                    "403": {
                        "description": "Forbidden"
                    },
                    "422": {
                        "description": "Unprocessable Entity"
                    },
                    "500": {
                        "description": "Internal Server Error"
                    }
                },
                "security": [
                    {
                        "jwt": []
                    }
                ]
            }
        },
        "/admin/addNutrient": {
            "post": {
                "tags": [
                    "Admin"
                ],
                "summary": "Add nutrient",
                "description": "Add nutrient",
                "parameters": [
                    {
                        "name": "body",
                        "in": "body",
                        "description": "Add nutrient",
                        "required": true,
                        "schema": {
                            "properties": {
                                "plantName": {
                                    "type": "string"
                                },
                                "ppmMin": {
                                    "type": "integer"
                                },
                                "ppmMax": {
                                    "type": "integer"
                                }
                            }
                        }
                    }
                ],
                "responses": {
                    "200": {
                        "description": "Successful operation"
                    },
                    "401": {
                        "description": "Unauthorized"
                    },
                    "403": {
                        "description": "Forbidden"
                    },
                    "422": {
                        "description": "Unprocessable Entity"
                    },
                    "500": {
                        "description": "Internal Server Error"
                    }
                },
                "security": [
                    {
                        "jwt": []
                    }
                ]
            }
        },
        "/admin/nutrient/{nutrientId}": {
            "put": {
                "tags": [
                    "Admin"
                ],
                "summary": "Edit nutrient",
                "description": "Edit nutrient",
                "parameters": [
                    {
                        "name": "nutrientId",
                        "in": "path",
                        "description": "ID nutrient to edit",
                        "required": true,
                        "type": "integer",
                        "format": "int64"
                    },
                    {
                        "name": "body",
                        "in": "body",
                        "description": "Edit nutrient",
                        "required": true,
                        "schema": {
                            "properties": {
                                "userId": {
                                    "type": "integer"
                                },
                                "plantName": {
                                    "type": "string"
                                },
                                "ppmMin": {
                                    "type": "integer"
                                },
                                "ppmMax": {
                                    "type": "integer"
                                }
                            }
                        }
                    }
                ],
                "responses": {
                    "200": {
                        "description": "Successful"
                    },
                    "401": {
                        "description": "Unauthorized"
                    },
                    "403": {
                        "description": "Forbidden"
                    },
                    "404": {
                        "description": "Not Found"
                    },
                    "422": {
                        "description": "Unprocessable Entity"
                    },
                    "500": {
                        "description": "Internal Server Error"
                    }
                },
                "security": [
                    {
                        "jwt": []
                    }
                ]
            },
            "delete": {
                "tags": [
                    "Admin"
                ],
                "summary": "Delete nutrient",
                "description": "Delete nutrient",
                "parameters": [
                    {
                        "name": "nutrientId",
                        "in": "path",
                        "description": "ID nutrient to delete",
                        "required": true,
                        "type": "integer",
                        "format": "int64"
                    }
                ],
                "responses": {
                    "200": {
                        "description": "Successful"
                    },
                    "401": {
                        "description": "Unauthorized"
                    },
                    "403": {
                        "description": "Forbidden"
                    },
                    "404": {
                        "description": "Not Found"
                    },
                    "422": {
                        "description": "Unprocessable Entity"
                    },
                    "500": {
                        "description": "Internal Server Error"
                    }
                },
                "security": [
                    {
                        "jwt": []
                    }
                ]
            }
        },
        "/auth/login": {
            "post": {
                "tags": [
                    "Auth"
                ],
                "summary": "Login",
                "description": "Token will be return after login success",
                "parameters": [
                    {
                        "name": "body",
                        "in": "body",
                        "description": "Login",
                        "required": true,
                        "schema": {
                            "properties": {
                                "email": {
                                    "type": "string"
                                },
                                "password": {
                                    "type": "string"
                                }
                            }
                        }
                    }
                ],
                "responses": {
                    "200": {
                        "description": "Successful operation"
                    },
                    "400": {
                        "description": "Bad request"
                    },
                    "401": {
                        "description": "Unauthorized"
                    },
                    "403": {
                        "description": "Forbidden"
                    },
                    "404": {
                        "description": "Not Found"
                    },
                    "422": {
                        "description": "Unprocessable Entity"
                    },
                    "500": {
                        "description": "Internal Server Error"
                    }
                }
            }
        },
        "/auth/logout": {
            "post": {
                "tags": [
                    "Auth"
                ],
                "summary": "Logout",
                "description": "Logout",
                "responses": {
                    "200": {
                        "description": "Successful operation"
                    },
                    "401": {
                        "description": "Unauthorized"
                    },
                    "500": {
                        "description": "Internal Server Error"
                    }
                },
                "security": [
                    {
                        "jwt": []
                    }
                ]
            }
        },
        "/auth/register": {
            "post": {
                "tags": [
                    "Auth"
                ],
                "summary": "User registration",
                "description": "User registration",
                "parameters": [
                    {
                        "name": "body",
                        "in": "body",
                        "description": "User information",
                        "required": true,
                        "schema": {
                            "properties": {
                                "username": {
                                    "type": "string"
                                },
                                "email": {
                                    "type": "string"
                                },
                                "password": {
                                    "type": "string"
                                },
                                "confirmPassword": {
                                    "type": "string"
                                }
                            }
                        }
                    }
                ],
                "responses": {
                    "200": {
                        "description": "Successful operation"
                    },
                    "401": {
                        "description": "Unauthorized"
                    },
                    "404": {
                        "description": "Not Found"
                    },
                    "422": {
                        "description": "Unprocessable Entity"
                    },
                    "500": {
                        "description": "Internal Server Error"
                    }
                }
            }
        },
        "/auth/change-password": {
            "put": {
                "tags": [
                    "Auth"
                ],
                "summary": "Change password",
                "description": "Change password",
                "parameters": [
                    {
                        "name": "body",
                        "in": "body",
                        "description": "Enter recent password and new password with confirm",
                        "required": true,
                        "schema": {
                            "properties": {
                                "currentPassword": {
                                    "type": "string"
                                },
                                "newPassword": {
                                    "type": "string"
                                },
                                "confirmNewPassword": {
                                    "type": "string"
                                }
                            }
                        }
                    }
                ],
                "responses": {
                    "200": {
                        "description": "Successful operation"
                    },
                    "401": {
                        "description": "Unauthorized"
                    },
                    "403": {
                        "description": "Forbidden"
                    },
                    "422": {
                        "description": "Unprocessable Entity"
                    },
                    "500": {
                        "description": "Internal Server Error"
                    }
                },
                "security": [
                    {
                        "jwt": []
                    }
                ]
            }
        },
        "/auth/request/reset-password": {
            "post": {
                "tags": [
                    "Auth"
                ],
                "summary": "Send request reset password",
                "description": "Send email attach token",
                "parameters": [
                    {
                        "name": "body",
                        "in": "body",
                        "description": "Email to reset",
                        "required": true,
                        "schema": {
                            "properties": {
                                "email": {
                                    "type": "string"
                                }
                            }
                        }
                    }
                ],
                "responses": {
                    "200": {
                        "description": "Successful operation"
                    },
                    "401": {
                        "description": "Unauthorized"
                    },
                    "404": {
                        "description": "Not Found"
                    },
                    "422": {
                        "description": "Unprocessable Entity"
                    },
                    "500": {
                        "description": "Internal Server Error"
                    }
                }
            }
        },
        "/auth/accept/reset-password": {
            "post": {
                "tags": [
                    "Auth"
                ],
                "summary": "Accept request reset password",
                "description": "Finish reset password",
                "parameters": [
                    {
                        "name": "body",
                        "in": "body",
                        "description": "Reset Password",
                        "required": true,
                        "schema": {
                            "properties": {
                                "token": {
                                    "type": "string"
                                },
                                "newPassword": {
                                    "type": "string"
                                },
                                "confirmNewPassword": {
                                    "type": "string"
                                }
                            }
                        }
                    }
                ],
                "responses": {
                    "200": {
                        "description": "Successful operation"
                    },
                    "401": {
                        "description": "Unauthorized"
                    },
                    "422": {
                        "description": "Unprocessable Entity"
                    },
                    "404": {
                        "description": "Not Found"
                    },
                    "500": {
                        "description": "Internal Server Error"
                    }
                }
            }
        },
        "/devices/getDeviceIdForUser": {
            "get": {
                "tags": [
                    "Devices"
                ],
                "summary": "get data",
                "description": "get data",
                "responses": {
                    "200": {
                        "description": "Successful operation"
                    },
                    "401": {
                        "description": "Unauthorized"
                    },
                    "500": {
                        "description": "Internal Server Error"
                    }
                },
                "security": [
                    {
                        "jwt": []
                    }
                ]
            }
        },
        "/devices/getSensorData": {
            "post": {
                "tags": [
                    "Devices"
                ],
                "summary": "get sensor data",
                "description": "get sensor data",
                "parameters": [
                    {
                        "name": "body",
                        "in": "body",
                        "description": "get sensor data by device id",
                        "required": true,
                        "schema": {
                            "properties": {
                                "devicesId": {
                                    "type": "integer"
                                }
                            }
                        }
                    }
                ],
                "responses": {
                    "200": {
                        "description": "Successful"
                    },
                    "401": {
                        "description": "Unauthorized"
                    },
                    "403": {
                        "description": "Forbidden"
                    },
                    "404": {
                        "description": "Not Found"
                    },
                    "422": {
                        "description": "Unprocessable Entity"
                    },
                    "500": {
                        "description": "Internal Server Error"
                    }
                },
                "security": [
                    {
                        "jwt": []
                    }
                ]
            }
        },
        "/devices/getSensorDataChart": {
            "post": {
                "tags": [
                    "Devices"
                ],
                "summary": "get sensor data for chart",
                "description": "get sensor data for chart",
                "parameters": [
                    {
                        "name": "body",
                        "in": "body",
                        "description": "get sensor data by device id",
                        "required": true,
                        "schema": {
                            "properties": {
                                "devicesId": {
                                    "type": "integer"
                                }
                            }
                        }
                    }
                ],
                "responses": {
                    "200": {
                        "description": "Successful"
                    },
                    "401": {
                        "description": "Unauthorized"
                    },
                    "403": {
                        "description": "Forbidden"
                    },
                    "404": {
                        "description": "Not Found"
                    },
                    "422": {
                        "description": "Unprocessable Entity"
                    },
                    "500": {
                        "description": "Internal Server Error"
                    }
                },
                "security": [
                    {
                        "jwt": []
                    }
                ]
            }
        },
        "/weather/currentweather": {
            "post": {
                "tags": [
                    "Weather"
                ],
                "summary": "get current weather",
                "description": "get current weather",
                "parameters": [
                    {
                        "name": "body",
                        "in": "body",
                        "description": "get current weather",
                        "required": true,
                        "schema": {
                            "properties": {
                                "city": {
                                    "type": "string"
                                }
                            }
                        }
                    }
                ],
                "responses": {
                    "200": {
                        "description": "Successful operation"
                    },
                    "400": {
                        "description": "Bad request"
                    },
                    "401": {
                        "description": "Unauthorized"
                    },
                    "403": {
                        "description": "Forbidden"
                    },
                    "404": {
                        "description": "Not Found"
                    },
                    "422": {
                        "description": "Unprocessable Entity"
                    },
                    "500": {
                        "description": "Internal Server Error"
                    }
                },
                "security": [
                    {
                        "jwt": []
                    }
                ]
            }
        },
        "/weather/forecast": {
            "post": {
                "tags": [
                    "Weather"
                ],
                "summary": "get forecast",
                "description": "get forecast",
                "parameters": [
                    {
                        "name": "body",
                        "in": "body",
                        "description": "get forecast",
                        "required": true,
                        "schema": {
                            "properties": {
                                "city": {
                                    "type": "string"
                                }
                            }
                        }
                    }
                ],
                "responses": {
                    "200": {
                        "description": "Successful operation"
                    },
                    "400": {
                        "description": "Bad request"
                    },
                    "401": {
                        "description": "Unauthorized"
                    },
                    "403": {
                        "description": "Forbidden"
                    },
                    "404": {
                        "description": "Not Found"
                    },
                    "422": {
                        "description": "Unprocessable Entity"
                    },
                    "500": {
                        "description": "Internal Server Error"
                    }
                },
                "security": [
                    {
                        "jwt": []
                    }
                ]
            }
        },
        "/user/getNotifications": {
            "get": {
                "tags": [
                    "User"
                ],
                "summary": "get notifications",
                "description": "get notifications",
                "responses": {
                    "200": {
                        "description": "Successful operation"
                    },
                    "401": {
                        "description": "Unauthorized"
                    },
                    "500": {
                        "description": "Internal Server Error"
                    }
                },
                "security": [
                    {
                        "jwt": []
                    }
                ]
            }
        },
        "/user/postFeedback": {
            "post": {
                "tags": [
                    "User"
                ],
                "summary": "Send feedback",
                "description": "Send feedback for admin",
                "parameters": [
                    {
                        "name": "body",
                        "in": "body",
                        "description": "Send feedback for admin",
                        "required": true,
                        "schema": {
                            "properties": {
                                "feedbackTitle": {
                                    "type": "string"
                                },
                                "feedbackContent": {
                                    "type": "string"
                                }
                            }
                        }
                    }
                ],
                "responses": {
                    "200": {
                        "description": "Successful operation"
                    },
                    "401": {
                        "description": "Unauthorized"
                    },
                    "403": {
                        "description": "Forbidden"
                    },
                    "422": {
                        "description": "Unprocessable Entity"
                    },
                    "500": {
                        "description": "Internal Server Error"
                    }
                },
                "security": [
                    {
                        "jwt": []
                    }
                ]
            }
        },
        "/user/seenNotification": {
            "put": {
                "tags": [
                    "User"
                ],
                "summary": "Seen notification",
                "description": "Seen notification",
                "parameters": [
                    {
                        "name": "body",
                        "in": "body",
                        "description": "Seen notification",
                        "required": true,
                        "schema": {
                            "properties": {
                                "notificationId": {
                                    "type": "integer"
                                }
                            }
                        }
                    }
                ],
                "responses": {
                    "200": {
                        "description": "Successful operation"
                    },
                    "401": {
                        "description": "Unauthorized"
                    },
                    "403": {
                        "description": "Forbidden"
                    },
                    "422": {
                        "description": "Unprocessable Entity"
                    },
                    "500": {
                        "description": "Internal Server Error"
                    }
                },
                "security": [
                    {
                        "jwt": []
                    }
                ]
            }
        },
        "/user/controlPump": {
            "post": {
                "tags": [
                    "Pump"
                ],
                "summary": "Control pump via mqtt",
                "description": "Control pump via mqtt",
                "parameters": [
                    {
                        "name": "body",
                        "in": "body",
                        "description": "Control pump via mqtt",
                        "required": true,
                        "schema": {
                            "properties": {
                                "devicesId": {
                                    "type": "integer"
                                },
                                "message": {
                                    "type": "string"
                                }
                            }
                        }
                    }
                ],
                "responses": {
                    "200": {
                        "description": "Successful operation"
                    },
                    "401": {
                        "description": "Unauthorized"
                    },
                    "403": {
                        "description": "Forbidden"
                    },
                    "422": {
                        "description": "Unprocessable Entity"
                    },
                    "500": {
                        "description": "Internal Server Error"
                    }
                },
                "security": [
                    {
                        "jwt": []
                    }
                ]
            }
        },
        "/user/controlWaterIn": {
            "post": {
                "tags": [
                    "Water"
                ],
                "summary": "Control water in via mqtt",
                "description": "Control water in via mqtt",
                "parameters": [
                    {
                        "name": "body",
                        "in": "body",
                        "description": "Control water in via mqtt",
                        "required": true,
                        "schema": {
                            "properties": {
                                "devicesId": {
                                    "type": "integer"
                                },
                                "message": {
                                    "type": "string"
                                }
                            }
                        }
                    }
                ],
                "responses": {
                    "200": {
                        "description": "Successful operation"
                    },
                    "401": {
                        "description": "Unauthorized"
                    },
                    "403": {
                        "description": "Forbidden"
                    },
                    "422": {
                        "description": "Unprocessable Entity"
                    },
                    "500": {
                        "description": "Internal Server Error"
                    }
                },
                "security": [
                    {
                        "jwt": []
                    }
                ]
            }
        },
        "/user/checkWaterIn": {
            "post": {
                "tags": [
                    "Water"
                ],
                "summary": "Control water in via mqtt",
                "description": "check water in after 80%",
                "parameters": [
                    {
                        "name": "body",
                        "in": "body",
                        "description": "Control water in via mqtt",
                        "required": true,
                        "schema": {
                            "properties": {
                                "devicesId": {
                                    "type": "integer"
                                }
                            }
                        }
                    }
                ],
                "responses": {
                    "200": {
                        "description": "Successful operation"
                    },
                    "401": {
                        "description": "Unauthorized"
                    },
                    "403": {
                        "description": "Forbidden"
                    },
                    "422": {
                        "description": "Unprocessable Entity"
                    },
                    "500": {
                        "description": "Internal Server Error"
                    }
                },
                "security": [
                    {
                        "jwt": []
                    }
                ]
            }
        },
        "/user/controlWaterOut": {
            "post": {
                "tags": [
                    "Water"
                ],
                "summary": "Control water out via mqtt",
                "description": "Control water out via mqtt",
                "parameters": [
                    {
                        "name": "body",
                        "in": "body",
                        "description": "Control water out via mqtt",
                        "required": true,
                        "schema": {
                            "properties": {
                                "devicesId": {
                                    "type": "integer"
                                },
                                "message": {
                                    "type": "string"
                                }
                            }
                        }
                    }
                ],
                "responses": {
                    "200": {
                        "description": "Successful operation"
                    },
                    "401": {
                        "description": "Unauthorized"
                    },
                    "403": {
                        "description": "Forbidden"
                    },
                    "422": {
                        "description": "Unprocessable Entity"
                    },
                    "500": {
                        "description": "Internal Server Error"
                    }
                },
                "security": [
                    {
                        "jwt": []
                    }
                ]
            }
        },
        "/user/checkWaterOut": {
            "post": {
                "tags": [
                    "Water"
                ],
                "summary": "Control water out via mqtt",
                "description": "check water out before 20%",
                "parameters": [
                    {
                        "name": "body",
                        "in": "body",
                        "description": "Control water out via mqtt",
                        "required": true,
                        "schema": {
                            "properties": {
                                "devicesId": {
                                    "type": "integer"
                                }
                            }
                        }
                    }
                ],
                "responses": {
                    "200": {
                        "description": "Successful operation"
                    },
                    "401": {
                        "description": "Unauthorized"
                    },
                    "403": {
                        "description": "Forbidden"
                    },
                    "422": {
                        "description": "Unprocessable Entity"
                    },
                    "500": {
                        "description": "Internal Server Error"
                    }
                },
                "security": [
                    {
                        "jwt": []
                    }
                ]
            }
        },
        "/user/controlMix": {
            "post": {
                "tags": [
                    "Mix"
                ],
                "summary": "Control mix via mqtt",
                "description": "Control mix via mqtt",
                "parameters": [
                    {
                        "name": "body",
                        "in": "body",
                        "description": "Control mix via mqtt",
                        "required": true,
                        "schema": {
                            "properties": {
                                "devicesId": {
                                    "type": "integer"
                                },
                                "message": {
                                    "type": "string"
                                }
                            }
                        }
                    }
                ],
                "responses": {
                    "200": {
                        "description": "Successful operation"
                    },
                    "401": {
                        "description": "Unauthorized"
                    },
                    "403": {
                        "description": "Forbidden"
                    },
                    "422": {
                        "description": "Unprocessable Entity"
                    },
                    "500": {
                        "description": "Internal Server Error"
                    }
                },
                "security": [
                    {
                        "jwt": []
                    }
                ]
            }
        },
        "/user/controlPpm": {
            "post": {
                "tags": [
                    "Ppm"
                ],
                "summary": "Send topic ppm & message 1",
                "description": "Control ppm via mqtt",
                "parameters": [
                    {
                        "name": "body",
                        "in": "body",
                        "description": "Control ppm via mqtt",
                        "required": true,
                        "schema": {
                            "properties": {
                                "devicesId": {
                                    "type": "integer"
                                }
                            }
                        }
                    }
                ],
                "responses": {
                    "200": {
                        "description": "Successful operation"
                    },
                    "401": {
                        "description": "Unauthorized"
                    },
                    "403": {
                        "description": "Forbidden"
                    },
                    "422": {
                        "description": "Unprocessable Entity"
                    },
                    "500": {
                        "description": "Internal Server Error"
                    }
                },
                "security": [
                    {
                        "jwt": []
                    }
                ]
            }
        },
        "/user/sendMsgViaMqtt": {
            "post": {
                "tags": [
                    "MQTT"
                ],
                "summary": "Send msg via mqtt",
                "description": "Send msg via mqtt",
                "parameters": [
                    {
                        "name": "body",
                        "in": "body",
                        "description": "Send msg via mqtt",
                        "required": true,
                        "schema": {
                            "properties": {
                                "devicesId": {
                                    "type": "integer"
                                },
                                "topic": {
                                    "type": "string"
                                },
                                "message": {
                                    "type": "string"
                                }
                            }
                        }
                    }
                ],
                "responses": {
                    "200": {
                        "description": "Successful operation"
                    },
                    "401": {
                        "description": "Unauthorized"
                    },
                    "403": {
                        "description": "Forbidden"
                    },
                    "422": {
                        "description": "Unprocessable Entity"
                    },
                    "500": {
                        "description": "Internal Server Error"
                    }
                },
                "security": [
                    {
                        "jwt": []
                    }
                ]
            }
        },
        "/user/subscribetoTopic": {
            "post": {
                "tags": [
                    "MQTT"
                ],
                "summary": "Subscribe to topic",
                "description": "Subscribe to topic",
                "parameters": [
                    {
                        "name": "body",
                        "in": "body",
                        "description": "Subscribe to topic",
                        "required": true,
                        "schema": {
                            "properties": {
                                "devicesId": {
                                    "type": "integer"
                                },
                                "topic": {
                                    "type": "string"
                                }
                            }
                        }
                    }
                ],
                "responses": {
                    "200": {
                        "description": "Successful operation"
                    },
                    "401": {
                        "description": "Unauthorized"
                    },
                    "403": {
                        "description": "Forbidden"
                    },
                    "422": {
                        "description": "Unprocessable Entity"
                    },
                    "500": {
                        "description": "Internal Server Error"
                    }
                },
                "security": [
                    {
                        "jwt": []
                    }
                ]
            }
        },
        "/user/getNutrients": {
            "get": {
                "tags": [
                    "User"
                ],
                "summary": "get nutrients",
                "description": "get nutrients",
                "responses": {
                    "200": {
                        "description": "Successful operation"
                    },
                    "401": {
                        "description": "Unauthorized"
                    },
                    "500": {
                        "description": "Internal Server Error"
                    }
                },
                "security": [
                    {
                        "jwt": []
                    }
                ]
            }
        },
        "/user/postNutrient": {
            "post": {
                "tags": [
                    "User"
                ],
                "summary": "Post nutrient",
                "description": "Post nutrient",
                "parameters": [
                    {
                        "name": "body",
                        "in": "body",
                        "description": "Post nutrient",
                        "required": true,
                        "schema": {
                            "properties": {
                                "plantName": {
                                    "type": "string"
                                },
                                "ppmMin": {
                                    "type": "integer"
                                },
                                "ppmMax": {
                                    "type": "integer"
                                }
                            }
                        }
                    }
                ],
                "responses": {
                    "200": {
                        "description": "Successful operation"
                    },
                    "401": {
                        "description": "Unauthorized"
                    },
                    "403": {
                        "description": "Forbidden"
                    },
                    "422": {
                        "description": "Unprocessable Entity"
                    },
                    "500": {
                        "description": "Internal Server Error"
                    }
                },
                "security": [
                    {
                        "jwt": []
                    }
                ]
            }
        },
        "/user/pumpAutoOn": {
            "post": {
                "tags": [
                    "Pump"
                ],
                "summary": "Turn on pump auto mode",
                "description": "Turn on pump auto mode",
                "parameters": [
                    {
                        "name": "body",
                        "in": "body",
                        "description": "Turn on pump auto mode",
                        "required": true,
                        "schema": {
                            "properties": {
                                "devicesId": {
                                    "type": "integer"
                                },
                                "timeOn": {
                                    "type": "integer"
                                },
                                "timeOff": {
                                    "type": "integer"
                                }
                            }
                        }
                    }
                ],
                "responses": {
                    "200": {
                        "description": "Successful operation"
                    },
                    "401": {
                        "description": "Unauthorized"
                    },
                    "403": {
                        "description": "Forbidden"
                    },
                    "422": {
                        "description": "Unprocessable Entity"
                    },
                    "500": {
                        "description": "Internal Server Error"
                    }
                },
                "security": [
                    {
                        "jwt": []
                    }
                ]
            }
        },
        "/user/pumpAutoOff": {
            "post": {
                "tags": [
                    "Pump"
                ],
                "summary": "Turn off pump auto mode",
                "description": "Turn off pump auto mode",
                "parameters": [
                    {
                        "name": "body",
                        "in": "body",
                        "description": "Turn off pump auto mode",
                        "required": true,
                        "schema": {
                            "properties": {
                                "devicesId": {
                                    "type": "integer"
                                }
                            }
                        }
                    }
                ],
                "responses": {
                    "200": {
                        "description": "Successful operation"
                    },
                    "401": {
                        "description": "Unauthorized"
                    },
                    "403": {
                        "description": "Forbidden"
                    },
                    "422": {
                        "description": "Unprocessable Entity"
                    },
                    "500": {
                        "description": "Internal Server Error"
                    }
                },
                "security": [
                    {
                        "jwt": []
                    }
                ]
            }
        },
        "/user/ppmAutoOn": {
            "post": {
                "tags": [
                    "Ppm auto"
                ],
                "summary": "Turn on ppm auto mode",
                "description": "Turn on ppm auto mode",
                "parameters": [
                    {
                        "name": "body",
                        "in": "body",
                        "description": "Turn on ppm auto mode",
                        "required": true,
                        "schema": {
                            "properties": {
                                "devicesId": {
                                    "type": "integer"
                                },
                                "nutrientId": {
                                    "type": "integer"
                                }
                            }
                        }
                    }
                ],
                "responses": {
                    "200": {
                        "description": "Successful operation"
                    },
                    "401": {
                        "description": "Unauthorized"
                    },
                    "403": {
                        "description": "Forbidden"
                    },
                    "422": {
                        "description": "Unprocessable Entity"
                    },
                    "500": {
                        "description": "Internal Server Error"
                    }
                },
                "security": [
                    {
                        "jwt": []
                    }
                ]
            }
        },
        "/user/ppmAutoOff": {
            "post": {
                "tags": [
                    "Ppm auto"
                ],
                "summary": "Turn off ppm auto mode",
                "description": "Turn off ppm auto mode",
                "parameters": [
                    {
                        "name": "body",
                        "in": "body",
                        "description": "Turn off ppm auto mode",
                        "required": true,
                        "schema": {
                            "properties": {
                                "devicesId": {
                                    "type": "integer"
                                }
                            }
                        }
                    }
                ],
                "responses": {
                    "200": {
                        "description": "Successful operation"
                    },
                    "401": {
                        "description": "Unauthorized"
                    },
                    "403": {
                        "description": "Forbidden"
                    },
                    "422": {
                        "description": "Unprocessable Entity"
                    },
                    "500": {
                        "description": "Internal Server Error"
                    }
                },
                "security": [
                    {
                        "jwt": []
                    }
                ]
            }
        }
    },
    "definitions": {},
    "securityDefinitions": {
        "jwt": {
            "type": "apiKey",
            "description": "Example Format: Bearer Your-Token",
            "name": "authorization",
            "in": "header"
        }
    }
}